CREATE DATABASE IF NOT EXISTS highSchoolTrackAndField
    DEFAULT CHARACTER SET utf8
    DEFAULT COLLATE utf8_general_ci
;


use highSchoolTrackAndField;

DROP TABLE IF EXISTS `RelayResult`;
DROP TABLE IF EXISTS `RaceResult`;
DROP TABLE IF EXISTS `RaceTimeType`;
DROP TABLE IF EXISTS `FieldResult`;
DROP TABLE IF EXISTS `Competitor`;
DROP TABLE IF EXISTS `Athlete`;
DROP TABLE IF EXISTS `TrackType`;
DROP TABLE IF EXISTS `Event`;
DROP TABLE IF EXISTS `EventSubType`;
DROP TABLE IF EXISTS `EventType`;
DROP TABLE IF EXISTS `CoachSeason`;
DROP TABLE IF EXISTS `CoachType`;
DROP TABLE IF EXISTS `Coach`;
DROP TABLE IF EXISTS `Gender`;



CREATE TABLE `Gender` (
	`genderId` TINYINT NOT NULL AUTO_INCREMENT,
	`gender` VARCHAR(255) UNIQUE NOT NULL,

	PRIMARY KEY (`genderId`)
) ENGINE=InnoDB DEFAULT CHARSET=UTF8MB4;

INSERT INTO `Gender` (`genderId`, `gender`) VALUES (1, "unknown"), (2, "male"), (3, "female");



CREATE TABLE `Athlete` (
	`athleteId` BIGINT NOT NULL AUTO_INCREMENT,
	`firstName` VARCHAR(255) NOT NULL,
	`lastName` VARCHAR(255) NOT NULL,
	`startHsTfYear` YEAR NOT NULL,
	`endHsTfYear` YEAR NOT NULL,
	`genderId` TINYINT DEFAULT 1,
	`confidentHsTfYear` TINYINT(1) DEFAULT 1,
	
	PRIMARY KEY (`athleteId`),
	INDEX (`lastName`),
	UNIQUE KEY (`firstName`,`lastName`,`startHsTfYear`,`endHsTfYear`),
	FOREIGN KEY (`genderId`) REFERENCES Gender(`genderId`)
) ENGINE=InnoDB DEFAULT CHARSET=utf8 AUTO_INCREMENT=1000000;

-- hall of fame as of 2018 season
INSERT INTO `Athlete` (`athleteId`,`firstName`,`lastName`,`startHsTfYear`,`endHsTfYear`,`genderId`,`confidentHsTfYear`) VALUES (1, "Christian", "Ochoa", 2001, 2004, 2, 1), (1000000, "Ron", "Pennington", 1958, 1961, 2, 0), (1000001, "Richard", "Marks", 1959, 1962, 2, 0), (1000002, "Dave", "McCall", 1959, 1962, 2, 0), (1000003, "Dave", "Shallarbarger", 1959, 1962, 2, 0), (1000004, "Dan", "Triplatt", 1959, 1962, 2, 0), (1000005, "Joe", "Biber", 1961, 1964, 2, 0), (1000006, "John", "Falsinger", 1962, 1965, 2, 0), (1000007, "Bob", "Johnson", 1962, 1965, 2, 0), (1000008, "Mike", "Munger", 1962, 1965, 2, 0), (1000009, "Mike", "Lipsius", 1963, 1966, 2, 0), (1000010, "Mike", "Toler", 1963, 1966, 2, 0), (1000011, "Roger", "Seamans", 1964, 1967, 2, 0), (1000012, "Dave", "Thorn", 1964, 1967, 2, 0), (1000013, "Jim", "Everard", 1966, 1969, 2, 0), (1000014, "Alex", "Damascus", 1967, 1970, 2, 0), (1000015, "Dennis", "Whelihan", 1967, 1970, 2, 0), (1000016, "Bob", "Zarcone", 1967, 1970, 2, 0), (1000017, "Charlie", "Knezivich", 1968, 1971, 2, 0), (1000018, "Pat", "Manus", 1968, 1971, 2, 0), (1000019, "Mark", "Bailey", 1969, 1972, 2, 0), (1000020, "Eric", "Baker", 1969, 1972, 2, 0), (1000021, "Dave", "Gustorf", 1969, 1972, 2, 0), (1000022, "John", "Hyjer", 1969, 1972, 2, 0), (1000023, "Greg", "Wells", 1969, 1972, 2, 0), (1000024, "Paul", "Coffee", 1970, 1973, 2, 0), (1000025, "Tom", "Graves", 1970, 1973, 2, 0), (1000026, "Larry", "Hintz", 1970, 1973, 2, 0), (1000027, "Terry", "Hintz", 1970, 1973, 2, 0), (1000028, "Leo", "Linn", 1970, 1973, 2, 0), (1000029, "Mike", "Maples", 1970, 1973, 2, 0), (1000030, "Steve", "Marcki", 1970, 1973, 2, 0), (1000031, "John", "Siirila", 1970, 1973, 2, 0), (1000032, "Ken", "Wolff", 1970, 1973, 2, 0), (1000033, "Brad", "Young", 1970, 1973, 2, 0), (1000034, "Pat", "Blammey", 1972, 1975, 2, 0), (1000035, "Dave", "Bullard", 1972, 1975, 2, 0), (1000036, "Rick", "Locklin", 1972, 1975, 2, 0), (1000037, "Ken", "Arno", 1973, 1976, 2, 0), (1000038, "John", "Eager", 1973, 1976, 2, 0), (1000039, "Rick", "Wallick", 1973, 1976, 2, 0), (1000040, "Mike", "Berch", 1974, 1977, 2, 0), (1000041, "Bo", "Hintz", 1974, 1977, 2, 0), (1000042, "Dennis", "Jacobs", 1974, 1977, 2, 0), (1000043, "Bruce", "Jensen", 1974, 1977, 2, 0), (1000044, "Joe", "Leone", 1974, 1977, 2, 0), (1000045, "Joe", "McMath", 1974, 1977, 2, 0), (1000046, "Mark", "Raineri", 1974, 1977, 2, 0), (1000047, "Louis", "Rosa", 1974, 1977, 2, 0), (1000048, "Matt", "Bailey", 1975, 1978, 2, 0), (1000049, "Mike", "Baldwin", 1975, 1978, 2, 0), (1000050, "Shawn", "Cambell", 1975, 1978, 3, 0), (1000051, "Darrin", "Carpenter", 1975, 1978, 2, 0), (1000052, "Tom", "Eaton", 1975, 1978, 2, 0), (1000053, "Bert", "Feuss", 1975, 1978, 2, 0), (1000054, "Dave", "Fine", 1975, 1978, 2, 0), (1000055, "Kelly", "Hintz", 1975, 1978, 3, 0), (1000056, "Kelly", "Kerrigan", 1975, 1978, 3, 0), (1000057, "Lucy", "McCracken", 1975, 1978, 3, 0), (1000058, "Steve", "Mudd", 1975, 1978, 2, 0), (1000059, "Larry", "Rogers", 1975, 1978, 2, 0), (1000060, "Pat", "Romero", 1975, 1978, 2, 0), (1000061, "Liz", "Wallace", 1975, 1978, 3, 0), (1000062, "Jim", "Arno", 1976, 1979, 2, 0), (1000063, "Vern", "Arno", 1976, 1979, 2, 0), (1000064, "Robin", "Cantor", 1976, 1979, 3, 0), (1000065, "Dan", "Carney", 1976, 1979, 2, 0), (1000066, "Sue", "Deshera", 1976, 1979, 3, 0), (1000067, "Bill", "Hanson", 1976, 1979, 2, 0), (1000068, "Marc", "Hazel", 1976, 1979, 2, 0), (1000069, "Mike", "Kornder", 1976, 1979, 2, 0), (1000070, "Bert", "McCracken", 1976, 1979, 2, 0), (1000071, "Karen", "Murry", 1976, 1979, 3, 0), (1000072, "Clint", "Rawlings", 1976, 1979, 2, 0), (1000073, "Neal", "Summers", 1976, 1979, 2, 0), (1000074, "Nancy", "Whelihan", 1976, 1979, 3, 0), (1000075, "Robert", "Ameron", 1977, 1980, 2, 0), (1000076, "Gayle", "DeCarli", 1977, 1980, 3, 0), (1000077, "Sue", "Figini", 1977, 1980, 3, 0), (1000078, "Ralph", "Lumactod", 1977, 1980, 2, 0), (1000079, "Jim", "Mallett", 1977, 1980, 2, 0), (1000080, "Sue", "Moyle", 1977, 1980, 3, 0), (1000081, "Andy", "Ross", 1977, 1980, 2, 0), (1000082, "Scott", "Sala", 1977, 1980, 2, 0), (1000083, "Julie", "Sumpter", 1977, 1980, 3, 1), (1000084, "Marc", "Anderson", 1978, 1981, 2, 0), (1000085, "Stacy", "Davis", 1978, 1981, 2, 0), (1000086, "Margaret", "Demorest", 1978, 1981, 3, 1), (1000087, "Jane", "Hambleton", 1978, 1981, 3, 0), (1000088, "Nate", "Imahara", 1978, 1981, 2, 0), (1000089, "Doug", "Muse", 1978, 1981, 2, 0), (1000090, "Jeff", "O'Donnell", 1978, 1981, 2, 0), (1000091, "Donna", "Quon", 1978, 1981, 3, 0), (1000092, "Debbie", "Toews", 1978, 1981, 3, 0), (1000093, "Marge", "Beiderman", 1979, 1982, 3, 0), (1000094, "Christy", "Bell", 1979, 1982, 3, 0), (1000095, "Jeanne", "Corsick", 1979, 1982, 3, 0), (1000096, "Shelly", "Coyle", 1979, 1982, 3, 0), (1000097, "Lori", "Gomez", 1979, 1982, 3, 0), (1000098, "Lamout", "Griffen", 1979, 1982, 2, 0), (1000099, "Barbara", "Higgins", 1979, 1982, 3, 0), (1000100, "Wendy", "Hintz", 1979, 1982, 3, 0), (1000101, "Juan", "Ibarra", 1979, 1982, 2, 0), (1000102, "Dan", "Marshall", 1979, 1982, 2, 0), (1000103, "Mary", "Matthews", 1979, 1982, 3, 0), (1000104, "Michal", "Miller", 1979, 1982, 3, 0), (1000105, "Rudy", "Preciado", 1979, 1982, 2, 0), (1000106, "Cindy", "Davis", 1980, 1983, 3, 0), (1000107, "Paul", "Denison", 1980, 1983, 2, 0), (1000108, "Sheldon", "Griffith", 1980, 1983, 2, 0), (1000109, "Joann", "Hauss", 1980, 1983, 3, 0), (1000110, "Fritz", "Hempy", 1980, 1983, 2, 0), (1000111, "Mike", "Matthews", 1980, 1983, 2, 0), (1000112, "Steve", "Moore", 1980, 1983, 2, 0), (1000113, "Beth", "Purdy", 1980, 1983, 3, 0), (1000114, "Dave", "Wallick", 1980, 1983, 2, 0), (1000115, "Jerry", "Willson", 1980, 1983, 2, 0), (1000116, "Sue", "Bakken", 1981, 1984, 3, 0), (1000117, "Czarina", "Chung", 1981, 1984, 3, 0), (1000118, "Eric", "Volta", 1981, 1984, 2, 0), (1000119, "Sandy", "Woods", 1981, 1984, 3, 0), (1000120, "Cathy", "Bugera", 1982, 1985, 3, 0), (1000121, "Gina", "Condon", 1983, 1986, 3, 0), (1000122, "Amy", "Flynn", 1983, 1986, 3, 0), (1000123, "Will", "Gath", 1984, 1987, 2, 0), (1000124, "Charlie", "Schotborgh", 1984, 1987, 2, 0), (1000125, "Lori", "Gomes", 1985, 1988, 3, 0), (1000126, "Martina", "Hrncir", 1985, 1988, 3, 0), (1000127, "Sean", "Moore", 1985, 1988, 2, 0), (1000128, "Ronetta", "Conyers", 1987, 1990, 3, 0), (1000129, "Shawn", "Goos", 1987, 1990, 2, 0), (1000130, "Leslay", "Rius", 1987, 1990, 3, 0), (1000131, "Lesley", "Rius", 1987, 1990, 3, 0), (1000132, "Lily", "Salinas", 1987, 1990, 3, 0), (1000133, "Sandy", "Dyche", 1988, 1991, 3, 1), (1000134, "Tiki", "Wilcox", 1988, 1991, 3, 1), (1000135, "Eddie", "Zacapa", 1988, 1991, 2, 0), (1000136, "Schmeil", "Brown", 1989, 1992, 2, 0), (1000137, "Jack", "Callaghan", 1989, 1992, 2, 0), (1000138, "Tasha", "Newman", 1989, 1992, 3, 0), (1000139, "Bryan", "Martin", 1991, 1994, 2, 0), (1000140, "Ronnie", "Williams", 1991, 1994, 2, 0), (1000141, "Shana", "Buchanan", 1992, 1995, 3, 0), (1000142, "Katrina", "Dorsey", 1992, 1995, 3, 0), (1000143, "Sara", "Rich", 1994, 1997, 3, 0), (1000144, "Jamie", "Gonsalves", 1995, 1998, 3, 0), (1000145, "Nick", "Hord", 1995, 1998, 2, 0), (1000146, "Amber", "McCrea", 1995, 1998, 3, 1), (1000147, "Ashley", "McCrea", 1995, 1998, 3, 0), (1000148, "Aliah", "Abdo", 1996, 1999, 3, 1), (1000149, "Stephen", "Nestinger", 1996, 1999, 2, 1), (1000150, "Girmay", "Guangul", 1997, 2000, 2, 1), (1000151, "Angela", "Mercado", 1997, 2000, 3, 1), (1000152, "Mohammed", "Abdo", 1998, 2001, 2, 1), (1000153, "Josh", "Rich", 1998, 2001, 2, 1), (1000154, "Bryce", "Warwick", 1998, 2001, 2, 1), (1000155, "Lenin", "Zapata", 1998, 2001, 2, 1), (1000156, "Paul", "Fuller", 1999, 2002, 2, 1), (1000157, "Harry", "Kaura", 1999, 2002, 2, 1), (1000158, "Janelle", "Beranek", 2000, 2003, 3, 1), (1000159, "Trevor", "Fearman", 2000, 2003, 2, 1), (1000160, "Eva", "Baranyai", 2001, 2004, 3, 1), (1000161, "Mike", "Evans", 2001, 2004, 2, 1), (1000162, "Kyle", "Kurani", 2001, 2004, 2, 1), (1000163, "Matt", "O’Donnell", 2001, 2004, 2, 1), (1000164, "Paul", "Shamble", 2001, 2004, 2, 1), (1000165, "Billy", "Chaung", 2002, 2005, 2, 1), (1000166, "Felica", "Freitas", 2002, 2005, 3, 1), (1000167, "Amanda", "Harness", 2002, 2005, 3, 1), (1000168, "Frank", "Morales", 2002, 2005, 2, 1), (1000169, "Candace", "Nisby", 2002, 2005, 3, 1), (1000170, "Scott", "Robinson", 2002, 2005, 2, 1), (1000171, "Sarah", "Warwick", 2002, 2005, 3, 1), (1000172, "Laila", "Barakat", 2003, 2006, 3, 1), (1000173, "Amethyst", "Hills", 2003, 2006, 3, 1), (1000174, "Ashley", "Jones", 2003, 2006, 3, 1), (1000175, "Amy", "Keate", 2003, 2006, 3, 1), (1000176, "Scott", "Henderson", 2004, 2007, 2, 1), (1000177, "Ingrid", "Lacy", 2004, 2007, 3, 1), (1000178, "Linda", "Oseso", 2004, 2007, 3, 1), (1000179, "Justice", "Patterson", 2004, 2007, 2, 1), (1000180, "Tariq", "Adam", 2005, 2008, 2, 1), (1000181, "Kindu", "Ejigu", 2005, 2008, 2, 1), (1000182, "Ralph", "Guerrero", 2005, 2008, 2, 1), (1000183, "Meryssa", "Riley", 2005, 2008, 3, 1), (1000184, "Britteny", "Salvador", 2005, 2008, 3, 1), (1000185, "Ronimare", "Apruebo", 2006, 2009, 3, 1), (1000186, "Ronimarie", "Apruebo", 2006, 2009, 3, 1), (1000187, "Colette", "L'Heureux", 2006, 2009, 3, 1), (1000188, "Bita", "Manesh", 2006, 2009, 3, 1), (1000189, "Sarah", "Pena", 2006, 2009, 3, 1), (1000190, "Vince", "Rodriguez", 2006, 2009, 2, 1), (1000191, "Erin", "Vranicar", 2006, 2009, 3, 1), (1000192, "David", "Zamora", 2006, 2009, 2, 1), (1000193, "Emily", "Gordon", 2007, 2010, 3, 1), (1000194, "Christine", "Nazario", 2007, 2010, 3, 1), (1000195, "Laura", "Whittaker", 2007, 2010, 3, 1), (1000196, "Isaac", "Long", 2008, 2011, 2, 1), (1000197, "Katy", "White", 2008, 2011, 3, 1), (1000198, "Regan", "Dyer", 2009, 2012, 3, 1), (1000199, "Samantha", "Hogue", 2009, 2012, 3, 1), (1000200, "Kingsley", "Okakpu", 2009, 2012, 2, 1), (1000201, "Alicia", "Terry", 2009, 2012, 3, 1), (1000202, "Atif", "Velagic", 2009, 2012, 2, 1), (1000203, "Danielle", "Boyington", 2010, 2013, 3, 1), (1000204, "Stella", "Chung", 2010, 2013, 3, 1), (1000205, "Dion", "Perry", 2010, 2013, 2, 1), (1000206, "Da'jon", "Thomas", 2010, 2013, 2, 1), (1000207, "Emily", "White", 2010, 2013, 3, 1), (1000208, "Samia", "Adam", 2011, 2014, 3, 1), (1000209, "Naomi", "Barnes", 2011, 2014, 3, 1), (1000210, "Alex", "Cardenas", 2011, 2014, 2, 1), (1000211, "Libby", "Craig", 2011, 2014, 3, 1), (1000212, "Damont", "Hardnett", 2011, 2014, 2, 1), (1000213, "Dennis", "Cruz", 2012, 2015, 2, 1), (1000214, "Mitchell", "Gehlbach", 2012, 2015, 2, 1), (1000215, "Silvia", "Gutierrez", 2012, 2015, 3, 1), (1000216, "Aidan", "Jardon", 2012, 2015, 2, 1), (1000217, "Yousuf", "Laymoun", 2012, 2015, 2, 1), (1000218, "Abby", "Olsen", 2012, 2015, 3, 1), (1000219, "Lauren", "Clow", 2013, 2016, 3, 1), (1000220, "Alejandro", "Martinez", 2013, 2016, 2, 1), (1000221, "Vyvy", "Nguyen", 2013, 2016, 3, 1), (1000222, "Amy", "Trigg", 2013, 2016, 3, 1), (1000223, "Ellie", "Mujushi", 2014, 2017, 3, 1), (1000224, "Cynthia", "Smith", 2014, 2017, 3, 1), (1000225, "Maya", "Collins", 2015, 2018, 3, 1), (1000226, "Erik", "Ketton", 2015, 2018, 2, 1), (1000227, "Jazzlyn", "Matthews", 2015, 2018, 3, 1), (1000228, "Minhaal", "Naeem", 2015, 2018, 3, 1), (1000229, "Alton", "Nguyen", 2015, 2018, 2, 1), (1000230, "Rachel", "Spektor", 2015, 2018, 3, 1), (1000231, "Noah", "Sta. Elena", 2015, 2018, 2, 1), (1000232, "Olivia", "Valente", 2015, 2018, 3, 1), (1000233, "Grace", "Wills", 2015, 2018, 3, 1), (1000234, "Mark", "Wishom", 2015, 2018, 2, 1), (1000235, "Amaya", "Fuller", 2016, 2019, 3, 1), (1000236, "Nick", "Garcia", 2016, 2019, 2, 1), (1000237, "Sophia", "Kennedy", 2016, 2019, 3, 1), (1000238, "Alex", "Loo", 2016, 2019, 2, 1), (1000239, "Alexis", "Morris", 2016, 2019, 3, 1), (1000240, "Cedric", "Salvador", 2016, 2019, 2, 1), (1000241, "Kayleigh", "Watanabe", 2016, 2019, 3, 1), (1000242, "Devynn", "Wyatt", 2016, 2019, 3, 1), (1000243, "Jack", "Fukuda", 2017, 2020, 2, 1), (1000244, "Kallie Rose", "Garrett", 2017, 2020, 3, 1), (1000245, "Charity", "Nyawech", 2017, 2020, 3, 1), (1000246, "Mikayla", "Simmons", 2017, 2020, 3, 1), (1000247, "Maia", "Garcia", 2018, 2021, 3, 1);



CREATE TABLE `Competitor` (
	`competitorId` VARCHAR(15) NOT NULL,
	`athleteId` BIGINT NOT NULL,
	`year` YEAR NOT NULL,
	`grade` SMALLINT NOT NULL,
	
	PRIMARY KEY (`competitorId`),
	UNIQUE KEY (`athleteId`,`year`),
	FOREIGN KEY (`athleteId`) REFERENCES Athlete(`athleteId`)
) ENGINE=InnoDB DEFAULT CHARSET=UTF8MB4;

INSERT INTO `Competitor` (`competitorId`,`athleteId`,`year`,`grade`) VALUES ("1.9", 1, 2001, 9), ("1.10", 1, 2002, 10), ("1.11", 1, 2003, "11"), ("1.12", 1, 2004, 12), ("1000000.1961", 1000000, 1961, 1961), ("1000001.1962", 1000001, 1962, 1962), ("1000002.1962", 1000002, 1962, 1962), ("1000003.1962", 1000003, 1962, 1962), ("1000004.1962", 1000004, 1962, 1962), ("1000005.1963", 1000005, 1963, 1963), ("1000005.1964", 1000005, 1964, 1964), ("1000006.1965", 1000006, 1965, 1965), ("1000007.1965", 1000007, 1965, 1965), ("1000008.1965", 1000008, 1965, 1965), ("1000009.1966", 1000009, 1966, 1966), ("1000010.1966", 1000010, 1966, 1966), ("1000011.1965", 1000011, 1965, 1965), ("1000011.1967", 1000011, 1967, 1967), ("1000012.1967", 1000012, 1967, 1967), ("1000013.1969", 1000013, 1969, 1969), ("1000014.1970", 1000014, 1970, 1970), ("1000015.1970", 1000015, 1970, 1970), ("1000016.1970", 1000016, 1970, 1970), ("1000017.1971", 1000017, 1971, 1971), ("1000018.1971", 1000018, 1971, 1971), ("1000019.1972", 1000019, 1972, 1972), ("1000020.1970", 1000020, 1970, 1970), ("1000020.1971", 1000020, 1971, 1971), ("1000020.1972", 1000020, 1972, 1972), ("1000021.1972", 1000021, 1972, 1972), ("1000022.1971", 1000022, 1971, 1971), ("1000022.1972", 1000022, 1972, 1972), ("1000023.1972", 1000023, 1972, 1972), ("1000024.1973", 1000024, 1973, 1973), ("1000025.1972", 1000025, 1972, 1972), ("1000025.1973", 1000025, 1973, 1973), ("1000026.1972", 1000026, 1972, 1972), ("1000026.1973", 1000026, 1973, 1973), ("1000027.1973", 1000027, 1973, 1973), ("1000028.1973", 1000028, 1973, 1973), ("1000029.1973", 1000029, 1973, 1973), ("1000030.1971", 1000030, 1971, 1971), ("1000030.1972", 1000030, 1972, 1972), ("1000030.1973", 1000030, 1973, 1973), ("1000031.1972", 1000031, 1972, 1972), ("1000031.1973", 1000031, 1973, 1973), ("1000032.1973", 1000032, 1973, 1973), ("1000033.1973", 1000033, 1973, 1973), ("1000034.1975", 1000034, 1975, 1975), ("1000035.1975", 1000035, 1975, 1975), ("1000036.1975", 1000036, 1975, 1975), ("1000037.1976", 1000037, 1976, 1976), ("1000038.1976", 1000038, 1976, 1976), ("1000039.1976", 1000039, 1976, 1976), ("1000040.1977", 1000040, 1977, 1977), ("1000041.1977", 1000041, 1977, 1977), ("1000042.1977", 1000042, 1977, 1977), ("1000043.1977", 1000043, 1977, 1977), ("1000044.1977", 1000044, 1977, 1977), ("1000045.1977", 1000045, 1977, 1977), ("1000046.1977", 1000046, 1977, 1977), ("1000047.1977", 1000047, 1977, 1977), ("1000048.1978", 1000048, 1978, 1978), ("1000049.1978", 1000049, 1978, 1978), ("1000050.1978", 1000050, 1978, 1978), ("1000051.1978", 1000051, 1978, 1978), ("1000052.1978", 1000052, 1978, 1978), ("1000053.1978", 1000053, 1978, 1978), ("1000054.1978", 1000054, 1978, 1978), ("1000055.1977", 1000055, 1977, 1977), ("1000055.1978", 1000055, 1978, 1978), ("1000056.1978", 1000056, 1978, 1978), ("1000057.1978", 1000057, 1978, 1978), ("1000058.1978", 1000058, 1978, 1978), ("1000059.1978", 1000059, 1978, 1978), ("1000060.1977", 1000060, 1977, 1977), ("1000060.1978", 1000060, 1978, 1978), ("1000061.1978", 1000061, 1978, 1978), ("1000062.1979", 1000062, 1979, 1979), ("1000063.1979", 1000063, 1979, 1979), ("1000064.1979", 1000064, 1979, 1979), ("1000065.1979", 1000065, 1979, 1979), ("1000066.1979", 1000066, 1979, 1979), ("1000067.1979", 1000067, 1979, 1979), ("1000068.1979", 1000068, 1979, 1979), ("1000069.1979", 1000069, 1979, 1979), ("1000070.1979", 1000070, 1979, 1979), ("1000071.1979", 1000071, 1979, 1979), ("1000072.1979", 1000072, 1979, 1979), ("1000073.1979", 1000073, 1979, 1979), ("1000074.1978", 1000074, 1978, 1978), ("1000074.1979", 1000074, 1979, 1979), ("1000074.1980", 1000074, 1980, 1980), ("1000075.1980", 1000075, 1980, 1980), ("1000076.1978", 1000076, 1978, 1978), ("1000076.1979", 1000076, 1979, 1979), ("1000076.1980", 1000076, 1980, 1980), ("1000077.1980", 1000077, 1980, 1980), ("1000078.1979", 1000078, 1979, 1979), ("1000078.1980", 1000078, 1980, 1980), ("1000079.1980", 1000079, 1980, 1980), ("1000080.1980", 1000080, 1980, 1980), ("1000081.1978", 1000081, 1978, 1978), ("1000081.1979", 1000081, 1979, 1979), ("1000081.1980", 1000081, 1980, 1980), ("1000082.1980", 1000082, 1980, 1980), ("1000082.1981", 1000082, 1981, 1981), ("1000083.10", 1000083, 1978, 10), ("1000083.12", 1000083, 1980, 12), ("1000084.1981", 1000084, 1981, 1981), ("1000085.1980", 1000085, 1980, 1980), ("1000085.1981", 1000085, 1981, 1981), ("1000086.10", 1000086, 1979, 10), ("1000086.11", 1000086, 1980, 11), ("1000086.12", 1000086, 1981, 12), ("1000086.9", 1000086, 1978, 9), ("1000087.1980", 1000087, 1980, 1980), ("1000087.1981", 1000087, 1981, 1981), ("1000088.1979", 1000088, 1979, 1979), ("1000088.1981", 1000088, 1981, 1981), ("1000089.1981", 1000089, 1981, 1981), ("1000090.1980", 1000090, 1980, 1980), ("1000090.1981", 1000090, 1981, 1981), ("1000091.1981", 1000091, 1981, 1981), ("1000092.1981", 1000092, 1981, 1981), ("1000093.1981", 1000093, 1981, 1981), ("1000093.1982", 1000093, 1982, 1982), ("1000094.1979", 1000094, 1979, 1979), ("1000094.1980", 1000094, 1980, 1980), ("1000094.1981", 1000094, 1981, 1981), ("1000094.1982", 1000094, 1982, 1982), ("1000095.1982", 1000095, 1982, 1982), ("1000096.1982", 1000096, 1982, 1982), ("1000097.1982", 1000097, 1982, 1982), ("1000098.1982", 1000098, 1982, 1982), ("1000099.1981", 1000099, 1981, 1981), ("1000099.1982", 1000099, 1982, 1982), ("1000100.1981", 1000100, 1981, 1981), ("1000100.1982", 1000100, 1982, 1982), ("1000101.1982", 1000101, 1982, 1982), ("1000101.1983", 1000101, 1983, 1983), ("1000102.1982", 1000102, 1982, 1982), ("1000103.1982", 1000103, 1982, 1982), ("1000104.1982", 1000104, 1982, 1982), ("1000105.1980", 1000105, 1980, 1980), ("1000105.1981", 1000105, 1981, 1981), ("1000105.1982", 1000105, 1982, 1982), ("1000106.1983", 1000106, 1983, 1983), ("1000107.1982", 1000107, 1982, 1982), ("1000107.1983", 1000107, 1983, 1983), ("1000108.1982", 1000108, 1982, 1982), ("1000108.1983", 1000108, 1983, 1983), ("1000109.1982", 1000109, 1982, 1982), ("1000109.1983", 1000109, 1983, 1983), ("1000110.1983", 1000110, 1983, 1983), ("1000111.1983", 1000111, 1983, 1983), ("1000112.1983", 1000112, 1983, 1983), ("1000113.1983", 1000113, 1983, 1983), ("1000114.1980", 1000114, 1980, 1980), ("1000114.1981", 1000114, 1981, 1981), ("1000114.1983", 1000114, 1983, 1983), ("1000115.1982", 1000115, 1982, 1982), ("1000115.1983", 1000115, 1983, 1983), ("1000116.1984", 1000116, 1984, 1984), ("1000117.1984", 1000117, 1984, 1984), ("1000118.1983", 1000118, 1983, 1983), ("1000118.1984", 1000118, 1984, 1984), ("1000119.1984", 1000119, 1984, 1984), ("1000120.1985", 1000120, 1985, 1985), ("1000121.1986", 1000121, 1986, 1986), ("1000122.1986", 1000122, 1986, 1986), ("1000123.1987", 1000123, 1987, 1987), ("1000124.1987", 1000124, 1987, 1987), ("1000125.1988", 1000125, 1988, 1988), ("1000126.1988", 1000126, 1988, 1988), ("1000127.1988", 1000127, 1988, 1988), ("1000128.1989", 1000128, 1989, 1989), ("1000128.1990", 1000128, 1990, 1990), ("1000129.1990", 1000129, 1990, 1990), ("1000130.1989", 1000130, 1989, 1989), ("1000130.1990", 1000130, 1990, 1990), ("1000131.1990", 1000131, 1990, 1990), ("1000132.1989", 1000132, 1989, 1989), ("1000132.1990", 1000132, 1990, 1990), ("1000133.12", 1000133, 1991, 12), ("1000134.10", 1000134, 1989, 10), ("1000134.9", 1000134, 1988, 9), ("1000135.1991", 1000135, 1991, 1991), ("1000136.1992", 1000136, 1992, 1992), ("1000137.1992", 1000137, 1992, 1992), ("1000138.1989", 1000138, 1989, 1989), ("1000138.1990", 1000138, 1990, 1990), ("1000138.1991", 1000138, 1991, 1991), ("1000138.1992", 1000138, 1992, 1992), ("1000139.1994", 1000139, 1994, 1994), ("1000140.1994", 1000140, 1994, 1994), ("1000141.1993", 1000141, 1993, 1993), ("1000141.1994", 1000141, 1994, 1994), ("1000141.1995", 1000141, 1995, 1995), ("1000142.1995", 1000142, 1995, 1995), ("1000143.1997", 1000143, 1997, 1997), ("1000144.1998", 1000144, 1998, 1998), ("1000145.1998", 1000145, 1998, 1998), ("1000146.9", 1000146, 1995, 9), ("1000147.1998", 1000147, 1998, 1998), ("1000148.10", 1000148, 1997, 10), ("1000148.12", 1000148, 1999, 12), ("1000149.11", 1000149, 1998, 11), ("1000149.12", 1000149, 1999, 12), ("1000150.12", 1000150, 2000, 12), ("1000151.12", 1000151, 2000, 12), ("1000152.12", 1000152, 2001, 12), ("1000153.12", 1000153, 2001, 12), ("1000154.12", 1000154, 2001, 12), ("1000155.12", 1000155, 2001, 12), ("1000156.12", 1000156, 2002, 12), ("1000157.12", 1000157, 2002, 12), ("1000158.9", 1000158, 2000, 9), ("1000159.11", 1000159, 2002, 11), ("1000160.10", 1000160, 2002, 10), ("1000161.11", 1000161, 2003, 11), ("1000161.12", 1000161, 2004, 12), ("1000162.12", 1000162, 2004, 12), ("1000163.12", 1000163, 2004, 12), ("1000164.12", 1000164, 2004, 12), ("1000165.11", 1000165, 2004, 11), ("1000165.12", 1000165, 2005, 12), ("1000166.9", 1000166, 2002, 9), ("1000167.11", 1000167, 2004, 11), ("1000167.12", 1000167, 2005, 12), ("1000168.12", 1000168, 2005, 12), ("1000169.12", 1000169, 2005, 12), ("1000170.11", 1000170, 2004, 11), ("1000170.12", 1000170, 2005, 12), ("1000171.9", 1000171, 2002, 9), ("1000172.9", 1000172, 2003, 9), ("1000173.11", 1000173, 2005, 11), ("1000173.12", 1000173, 2006, 12), ("1000174.11", 1000174, 2005, 11), ("1000174.12", 1000174, 2006, 12), ("1000175.11", 1000175, 2005, 11), ("1000175.12", 1000175, 2006, 12), ("1000176.11", 1000176, 2006, 11), ("1000177.12", 1000177, 2007, 12), ("1000178.12", 1000178, 2007, 12), ("1000179.10", 1000179, 2005, 10), ("1000180.11", 1000180, 2007, 11), ("1000181.12", 1000181, 2008, 12), ("1000182.12", 1000182, 2008, 12), ("1000183.10", 1000183, 2006, 10), ("1000184.12", 1000184, 2008, 12), ("1000185.11", 1000185, 2008, 11), ("1000186.10", 1000186, 2007, 10), ("1000187.12", 1000187, 2009, 12), ("1000188.11", 1000188, 2008, 11), ("1000189.11", 1000189, 2008, 11), ("1000190.10", 1000190, 2007, 10), ("1000191.11", 1000191, 2008, 11), ("1000192.12", 1000192, 2009, 12), ("1000193.10", 1000193, 2008, 10), ("1000193.11", 1000193, 2009, 11), ("1000193.12", 1000193, 2010, 12), ("1000194.10", 1000194, 2008, 10), ("1000194.11", 1000194, 2009, 11), ("1000195.10", 1000195, 2008, 10), ("1000195.11", 1000195, 2009, 11), ("1000196.12", 1000196, 2011, 12), ("1000197.9", 1000197, 2008, 9), ("1000198.10", 1000198, 2010, 10), ("1000198.11", 1000198, 2011, 11), ("1000198.12", 1000198, 2012, 12), ("1000198.9", 1000198, 2009, 9), ("1000199.11", 1000199, 2011, 11), ("1000200.12", 1000200, 2012, 12), ("1000201.10", 1000201, 2010, 10), ("1000201.11", 1000201, 2011, 11), ("1000202.12", 1000202, 2012, 12), ("1000203.11", 1000203, 2012, 11), ("1000203.9", 1000203, 2010, 9), ("1000204.12", 1000204, 2013, 12), ("1000205.12", 1000205, 2013, 12), ("1000206.12", 1000206, 2013, 12), ("1000207.12", 1000207, 2013, 12), ("1000208.9", 1000208, 2011, 9), ("1000209.11", 1000209, 2013, 11), ("1000210.12", 1000210, 2014, 12), ("1000211.12", 1000211, 2014, 12), ("1000212.12", 1000212, 2014, 12), ("1000213.10", 1000213, 2013, 10), ("1000214.12", 1000214, 2015, 12), ("1000215.12", 1000215, 2015, 12), ("1000216.12", 1000216, 2015, 12), ("1000217.10", 1000217, 2013, 10), ("1000218.10", 1000218, 2013, 10), ("1000219.10", 1000219, 2014, 10), ("1000220.12", 1000220, 2016, 12), ("1000221.11", 1000221, 2015, 11), ("1000221.12", 1000221, 2016, 12), ("1000222.9", 1000222, 2013, 9), ("1000223.11", 1000223, 2016, 11), ("1000224.12", 1000224, 2017, 12), ("1000225.12", 1000225, 2018, 12), ("1000226.12", 1000226, 2018, 12), ("1000227.11", 1000227, 2017, 11), ("1000227.12", 1000227, 2018, 12), ("1000228.11", 1000228, 2017, 11), ("1000229.12", 1000229, 2018, 12), ("1000230.11", 1000230, 2017, 11), ("1000230.12", 1000230, 2018, 12), ("1000231.12", 1000231, 2018, 12), ("1000232.11", 1000232, 2017, 11), ("1000232.12", 1000232, 2018, 12), ("1000233.10", 1000233, 2016, 10), ("1000233.11", 1000233, 2017, 11), ("1000233.12", 1000233, 2018, 12), ("1000234.12", 1000234, 2018, 12), ("1000235.11", 1000235, 2018, 11), ("1000236.11", 1000236, 2018, 11), ("1000237.11", 1000237, 2018, 11), ("1000238.11", 1000238, 2018, 11), ("1000239.11", 1000239, 2018, 11), ("1000240.11", 1000240, 2018, 11), ("1000241.11", 1000241, 2018, 11), ("1000242.10", 1000242, 2017, 10), ("1000242.11", 1000242, 2018, 11), ("1000243.10", 1000243, 2018, 10), ("1000244.10", 1000244, 2018, 10), ("1000245.10", 1000245, 2018, 10), ("1000246.10", 1000246, 2018, 10), ("1000247.9", 1000247, 2018, 9);



CREATE TABLE `EventType` (
	`eventTypeId` TINYINT NOT NULL AUTO_INCREMENT,
	`eventType` VARCHAR(255) UNIQUE NOT NULL,

	PRIMARY KEY (`eventTypeId`)
) ENGINE=InnoDB DEFAULT CHARSET=UTF8MB4;

INSERT INTO `EventType` (`eventTypeId`, `eventType`) VALUES (1, "Track"), (2, "Field");



CREATE TABLE `EventSubType` (
	`eventSubTypeId` TINYINT NOT NULL AUTO_INCREMENT,
	`eventSubType` VARCHAR(255) UNIQUE NOT NULL,
	`eventTypeId` TINYINT,

	PRIMARY KEY (`eventSubTypeId`),
	FOREIGN KEY (`eventTypeId`) REFERENCES EventType(`eventTypeId`)
) ENGINE=InnoDB DEFAULT CHARSET=UTF8MB4;

INSERT INTO `EventSubType` (`eventSubTypeId`, `eventSubType`, `eventTypeId`) VALUES (1, "Sprints", 1), (2, "Distance", 1), (3, "Hurdles", 1), (4, "Relays", 1), (5, "Jumps", 2), (6, "Throws", 2);



CREATE TABLE `Event` (
	`eventId` TINYINT NOT NULL AUTO_INCREMENT,
	`event` VARCHAR(255) UNIQUE NOT NULL,
	`eventSubTypeId` TINYINT,

	PRIMARY KEY (`eventId`),
	FOREIGN KEY (`eventSubTypeId`) REFERENCES EventSubType(`eventSubTypeId`)
) ENGINE=InnoDB DEFAULT CHARSET=UTF8MB4;

INSERT INTO `Event` (`eventId`, `event`, `eventSubTypeId`) VALUES 
	(1, "100m Dash", 1), (2, "200m Dash", 1), (3, "400m Dash", 1), (4, "100yd Dash", 1), (5, "220yd Dash", 1), (6, "440yd Dash", 1), 
	(7, "800m Run", 2), (8, "1600m Run", 2), (9, "3200m Run", 2), (10, "880yd Run", 2), (11, "1 Mile Run", 2), (12, "2 Mile Run", 2), (13, "1500m Run", 2), (14, "3000m Run", 2), (15, "5000m Run", 2), (16, "10000m Run", 2), 
	(17, "65m Hurdles (39\")", 3), (18, "100m Hurdles (33\")", 3), (19, "110m Hurdles (39\")", 3), (20, "300m Hurdles (30\")", 3), (21, "300m Hurdles (36\")", 3), (22, "100m Hurdles (30\")", 3), (23, "120yd Hurdles (39\")", 3), (24, "330yd Hurdles (36\")", 3), 
	(25, "400m Relay", 4), (26, "1600m Relay", 4), (27, "440yd Relay", 4), (28, "Mile Relay", 4), 
	(29, "High Jump", 5), (30, "Long Jump", 5), (31, "Triple Jump", 5), (32, "Pole Vault", 5), 
	(33, "Shot Put (4kg)", 6), (34, "Shot Put (10lb)", 6), (35, "Shot Put (12lb)", 6), (36, "Discus (1kg)", 6), (37, "Discus (1.6kg)", 6);



CREATE TABLE `TrackType` (
	`trackTypeId` TINYINT NOT NULL AUTO_INCREMENT,
	`trackType` VARCHAR(255) UNIQUE NOT NULL,

	PRIMARY KEY (`trackTypeId`)
) ENGINE=InnoDB DEFAULT CHARSET=UTF8MB4;

INSERT INTO `TrackType` (`trackTypeId`, `trackType`) VALUES (1, "unknown"), (2, "all-weather"), (3, "dirt");



CREATE TABLE `FieldResult` (
	`competitorId` VARCHAR(15) NOT NULL,
	`eventId` TINYINT,
	`footPartOfDistance` SMALLINT,
    `inchPartOfDistance` DECIMAL(4, 2),
	`stateMark` TINYINT(1) DEFAULT 0,

	PRIMARY KEY (`competitorId`,`eventId`),
	FOREIGN KEY (`competitorId`) REFERENCES Competitor(`competitorId`),
	FOREIGN KEY (`eventId`) REFERENCES Event(`eventId`)
) ENGINE=InnoDB DEFAULT CHARSET=UTF8MB4;

INSERT INTO `FieldResult` (`competitorId`, `eventId`, `footPartOfDistance`, `inchPartOfDistance`, `stateMark`) VALUES ("1000067.1979",29,6,5.5,0), ("1000115.1983",29,6,5,0), ("1000054.1978",29,6,4,0), ("1000034.1975",29,6,3,0), ("1000069.1979",29,6,2,0), ("1000139.1994",29,6,2,0), ("1000161.11",29,6,2,0), ("1000200.12",29,6,2,0), ("1000216.12",29,6,2,0), ("1000243.10",29,6,2,0), ("1000030.1972",30,23,8.5,1), ("1000078.1980",30,23,3,0), ("1000060.1978",30,22,7.5,0), ("1000088.1981",30,22,1,0), ("1000051.1978",30,22,0,0), ("1000023.1972",30,21,11,0), ("1000004.1962",30,21,10,0), ("1000206.12",30,21,9.5,0), ("1000102.1982",30,21,6,0), ("1000127.1988",30,21,6,0), ("1000036.1975",30,21,0,0), ("1000139.1994",30,21,0,0), ("1000012.1967",31,45,9.75,0), ("1000024.1973",31,45,5,0), ("1000115.1982",31,44,11,0), ("1000051.1978",31,44,10,0), ("1000124.1987",31,44,0,0), ("1000206.12",31,43,8.5,0), ("1000152.12",31,43,4.75,0), ("1000236.11",31,42,10,0), ("1000038.1976",31,42,9.5,0), ("1000030.1973",31,42,9.5,0), ("1000078.1980",31,42,8,0), ("1000026.1973",32,15,6.5,0), ("1000084.1981",32,15,4,0), ("1000090.1981",32,14,8,0), ("1000045.1977",32,14,8,0), ("1000068.1979",32,14,6,0), ("1000028.1973",32,14,0,0), ("1000049.1978",32,14,0,0), ("1000058.1978",32,14,0,0), ("1000196.12",32,13,6,0), ("1000137.1992",32,13,6,0), ("1000214.12",32,13,6,0), ("1000118.1984",35,57,10,1), ("1000001.1962",35,55,6,0), ("1000163.12",35,55,0.75,0), ("1000025.1973",35,53,11,0), ("1000123.1987",35,53,7,1), ("1000212.12",35,50,4.25,0), ("1000079.1980",35,49,11,0), ("1000085.1980",35,49,4,0), ("1000176.11",35,49,0,0), ("1000042.1977",35,48,10,0), ("1000085.1981",37,169,0,0), ("1000022.1972",37,161,4,0), ("1000009.1966",37,155,9.5,0), ("1000182.12",37,155,2,0), ("1000118.1983",37,150,3,0), ("1000110.1983",37,148,7,0), ("1000156.12",37,147,0,0), ("1000025.1972",37,142,5.5,0), ("1000040.1977",37,142,5.5,0), ("1000053.1978",37,141,0,0), ("1000210.12",37,138,10,0), ("1000104.1982",29,5,8,0), ("1000148.12",29,5,5.25,0), ("1000077.1980",29,5,5,0), ("1000247.9",29,5,4,0), ("1000141.1994",29,5,2,0), ("1000233.10",29,5,2,0), ("1000050.1978",29,5,0,0), ("1000245.10",29,5,0,0), ("1000113.1983",29,4,11,0), ("1000055.1977",29,4,10,0), ("1000086.12",29,4,10,0), ("1000142.1995",29,4,10,0), ("1000144.1998",29,4,10,0), ("1000171.9",29,4,10,0), ("1000224.12",30,18,8.75,1), ("1000086.11",30,18,3.25,0), ("1000141.1994",30,17,8.5,0), ("1000227.12",30,16,11.5,0), ("1000104.1982",30,16,10,0), ("1000138.1991",30,16,9.5,0), ("1000242.11",30,16,9,0), ("1000109.1982",30,16,8.5,0), ("1000076.1980",30,16,6.25,0), ("1000195.11",30,16,6,0), ("1000227.12",31,37,6.75,0), ("1000138.1992",31,36,7,0), ("1000184.12",31,35,6.5,0), ("1000104.1982",31,35,0,0), ("1000208.9",31,35,4,0), ("1000224.12",31,35,2.75,0), ("1000141.1993",31,34,11.5,0), ("1000125.1988",31,34,11,0), ("1000148.10",31,34,1.5,0), ("1000160.10",31,33,2,0), ("1000211.12",32,10,5,0), ("1000187.12",32,10,4,0), ("1000204.12",32,9,6,0), ("1000207.12",32,9,6,0), ("1000141.1995",32,9,0,0), ("1000225.12",32,9,0,0), ("1000233.10",32,8,3,0), ("1000232.11",32,8,0,0), ("1000147.1998",32,7,6,0), ("1000222.9",32,7,6,0), ("1000219.10",32,7,0,0), ("1000233.12",33,41,11.5,0), ("1000178.12",33,39,2,0), ("1000071.1979",33,38,5,0), ("1000158.9",33,38,3,0), ("1000056.1978",33,37,0,0), ("1000166.9",33,34,11,0), ("1000235.11",33,34,8,0), ("1000087.1981",33,34,5,0), ("1000093.1981",33,33,8,0), ("1000169.12",33,33,6,0), ("1000087.1980",36,133,2,0), ("1000228.11",36,129,2,0), ("1000235.11",36,128,11,0), ("1000178.12",36,127,0,1), ("1000093.1982",36,123,4,0), ("1000158.9",36,123,4,0), ("1000056.1978",36,120,5,0), ("1000215.12",36,119,9,0), ("1000191.11",36,111,4,0), ("1000233.11",36,111,2,0);



CREATE TABLE `RaceTimeType` (
	`raceTimeTypeId` VARCHAR(1) UNIQUE NOT NULL,
	`raceTimeType` VARCHAR(255) UNIQUE NOT NULL,

	PRIMARY KEY (`raceTimeTypeId`)
) ENGINE=InnoDB DEFAULT CHARSET=UTF8MB4;

INSERT INTO `RaceTimeType` (`raceTimeTypeId`, `raceTimeType`) VALUES ("", "Unknown"), ("a", "Fully Automatic Time"), ("c", "Converted Time"), ("f", "Converted FAT"), ("h", "Hand Time");



CREATE TABLE `RaceResult` (
	`competitorId` VARCHAR(15) NOT NULL,
	`eventId` TINYINT,
    `trackTypeId` TINYINT DEFAULT 2,
	`time` TIME(2) NOT NULL,
    `raceTimeTypeId` VARCHAR(1) NOT NULL DEFAULT "",
    `stateMark` TINYINT(1) DEFAULT 0,
	
	PRIMARY KEY (`competitorId`,`eventId`),
	FOREIGN KEY (`competitorId`) REFERENCES Competitor(`competitorId`),
	FOREIGN KEY (`eventId`) REFERENCES Event(`eventId`),
	FOREIGN KEY (`trackTypeId`) REFERENCES TrackType(`trackTypeId`),
	FOREIGN KEY (`raceTimeTypeId`) REFERENCES RaceTimeType(`raceTimeTypeId`)
) ENGINE=InnoDB DEFAULT CHARSET=UTF8MB4;

INSERT INTO `RaceResult` (`competitorId`, `eventId`, `time`, `raceTimeTypeId`, `stateMark`) VALUES ("1000192.12", 1, 10.89, "F", 0), ("1000136.1992", 1, 10.98, "F", 0), ("1000165.12", 1, 10.98, "F", 1), ("1000075.1980", 1, 10.98, "F", 0), ("1000145.1998", 1, 11.06, "F", 0), ("1000231.12", 1, 11.09, "F", 0), ("1000114.1981", 1, 11.14, "f", 0), ("1000127.1988", 1, 11.14, "f", 0), ("1000140.1994", 1, 11.14, "f", 0), ("1000129.1990", 1, 11.15, "F", 0), ("1000003.1962", 4, 9.8, "", 0), ("1000039.1976", 4, 9.9, "", 0), ("1000030.1972", 4, 10, "", 0), ("1000020.1972", 4, 10, "", 0), ("1000037.1976", 4, 10, "", 0), ("1000060.1977", 4, 10, "", 0), ("1000031.1973", 4, 10.1, "", 0), ("1000114.1981", 4, 10.1, "", 0), ("1000022.1972", 4, 10.2, "", 0), ("1000021.1972", 4, 10.2, "", 0), ("1000041.1977", 4, 10.2, "", 0), ("1000052.1978", 4, 10.2, "", 0), ("1000072.1979", 4, 10.2, "", 0), ("1000088.1979", 4, 10.2, "", 0), ("1000114.1981", 2, 22.03, "F", 0), ("1000165.12", 2, 22.13, "F", 0), ("1000192.12", 2, 22.21, "F", 0), ("1000231.12", 2, 22.32, "F", 0), ("1000153.12", 2, 22.46, "F", 0), ("1000161.12", 2, 22.68, "F", 0), ("1000157.12", 2, 22.72, "F", 0), ("1000127.1988", 2, 22.73, "F", 0), ("1000170.12", 2, 22.83, "F", 0), ("1000136.1992", 2, 22.74, "f", 0), ("1000031.1973", 5, 21.9, "", 0), ("1000114.1983", 5, 22.5, "", 0), ("1000136.1992", 5, 22.7, "", 0), ("1000030.1971", 5, 22.8, "", 0), ("1000039.1976", 5, 22.8, "", 0), ("1000108.1982", 5, 22.9, "", 0), ("1000041.1977", 5, 23, "", 0), ("1000060.1977", 5, 23, "", 0), ("1000020.1971", 5, 23.1, "", 0), ("1000026.1973", 5, 23.2, "", 0), ("1000108.1983", 6, 48.3, "", 1), ("1000031.1973", 6, 48.8, "", 1), ("1000170.12", 6, 49.11, "c", 0), ("1000011.1967", 6, 49.2, "", 1), ("1000070.1979", 6, 49.3, "", 0), ("1000114.1981", 6, 49.5, "", 0), ("1000033.1973", 6, 50.2, "", 0), ("1000082.1980", 6, 50.29, "", 0), ("1000039.1976", 6, 50.8, "", 0), ("1000101.1982", 6, 50.9, "", 0), ("1000149.12", 6, 50.96, "c", 0), ("1000043.1977", 10, "00:01:53.1", "", 1), ("1000081.1980", 10, "00:01:54.6", "", 0), ("1000105.1982", 10, "00:01:54.6", "", 0), ("1000149.12", 10, "00:01:55.53", "c", 1), ("1000000.1961", 10, "00:01:55.6", "", 0), ("1000019.1972", 10, "00:01:55.8", "", 0), ("1000033.1973", 10, "00:01:55.8", "", 0), ("1000149.11", 10, "00:01:56.02", "c", 1), ("1000048.1978", 10, "00:01:56.34", "f", 1), ("1000162.12", 10, "00:01:57.05", "c", 0), ("1000202.12", 10, "00:01:57.73", "c", 0), ("1000135.1991", 10, "00:01:57.93", "c", 0), ("1000150.12", 8, "00:04:15.94", "F", 0), ("1000005.1963", 8, "00:04:21.12", "c", 0), ("1000240.11", 8, "00:04:25.07", "F", 0), ("1000105.1982", 8, "00:04:25.50", "c", 0), ("1000190.10", 8, "00:04:26.06", "F", 0), ("1000180.11", 8, "00:04:27.75", "F", 0), ("1000181.12", 8, "00:04:30.42", "F", 0), ("1.12", 8, "00:04:30.45", "F", 0), ("1000048.1978", 8, "00:04:30.57", "c", 0), ("1000081.1978", 8, "00:04:30.57", "c", 0), ("1000035.1975", 8, "00:04:33.55", "c", 0), ("1000150.12", 12, "00:09:12.11", "c", 1), ("1000181.12", 12, "00:09:31.36", "c", 0), ("1000005.1964", 12, "00:09:36.0", "", 0), ("1000155.12", 12, "00:09:38.91", "c", 0), ("1000062.1979", 12, "00:09:42.0", "", 0), ("1000105.1980", 12, "00:09:42.5", "", 0), ("1000190.10", 12, "00:09:48.09", "c", 0), ("1000029.1973", 12, "00:09:49.0", "", 0), ("1000111.1983", 12, "00:09:51.7", "", 0), ("1000013.1969", 12, "00:09:53.0", "", 0), ("1000170.12", 23, 14.47, "c", 0), ("1000170.11", 23, 14.69, "c", 1), ("1000017.1971", 23, 14.94, "f", 0), ("1000002.1962", 23, 15.04, "f", 0), ("1000010.1966", 23, 15.14, "f", 0), ("1000059.1978", 23, 15.24, "f", 0), ("1000200.12", 23, 15.38, "c", 0), ("1000073.1979", 23, 15.44, "f", 0), ("1000044.1977", 23, 15.54, "f", 0), ("1000090.1980", 23, 15.54, "f", 0), ("1000115.1983", 23, 15.54, "f", 0), ("1000154.12", 23, 15.63, "c", 0), ("1000170.12", 24, 38.1, "c", 1), ("1000170.11", 24, 39.19, "c", 1), ("1000059.1978", 24, 39.9, "", 0), ("1000052.1978", 24, 40.2, "", 0), ("1000107.1983", 24, 40.7, "", 0), ("1000220.12", 24, 41.23, "c", 0), ("1000124.1987", 24, 41.6, "", 0), ("1000238.11", 24, 42.13, "c", 0), ("1000073.1979", 24, 42.6, "", 0), ("1000159.11", 24, 42.7, "", 0), ("1000232.12", 1, 12.23, "F", 0), ("1000224.12", 1, 12.41, "F", 0), ("1000151.12", 1, 12.43, "F", 0), ("1000094.1982", 1, 12.54, "f", 0), ("1000132.1990", 1, 12.54, "f", 0), ("1000242.10", 1, 12.6, "F", 0), ("1000244.10", 1, 12.64, "F", 0), ("1000109.1983", 1, 12.74, "f", 0), ("1000116.1984", 1, 12.84, "f", 0), ("1000086.11", 1, 12.84, "f", 0), ("1000086.9", 4, 11.4, "", 0), ("1000094.1981", 4, 11.56, "", 0), ("1000074.1979", 4, 11.8, "", 0), ("1000061.1978", 4, 11.9, "", 0), ("1000055.1977", 4, 12, "", 0), ("1000076.1978", 4, 12, "", 0), ("1000100.1981", 4, 12, "", 0), ("1000117.1984", 4, 12.48, "", 0), ("1000086.12", 2, 24.82, "F", 0), ("1000232.12", 2, 25.62, "F", 0), ("1000151.12", 2, 25.84, "F", 0), ("1000242.11", 2, 26.16, "F", 0), ("1000094.1982", 2, 26.94, "f", 0), ("1000172.9", 2, 26.99, "F", 0), ("1000143.1997", 2, 27.01, "F", 0), ("1000193.12", 2, 27.01, "F", 0), ("1000132.1990", 2, 27.04, "f", 0), ("1000244.10", 2, 27.17, "F", 0), ("1000086.11", 5, 25.2, "", 0), ("1000094.1982", 5, 26.7, "", 0), ("1000074.1978", 5, 27.4, "", 0), ("1000076.1979", 5, 27.7, "", 0), ("1000116.1984", 5, 27.7, "", 0), ("1000099.1982", 5, 27.7, "", 0), ("1000061.1978", 5, 28, "", 0), ("1000121.1986", 5, 30.1, "", 0), ("1000086.11", 3, 56.55, "F", 1), ("1000193.12", 3, 58.65, "F", 0), ("1000120.1985", 3, 59.44, "f", 0), ("1000195.10", 3, "00:01:01.26", "F", 0), ("1000099.1981", 3, "00:01:02.09", "c", 0), ("1000198.10", 3, "00:01:02.66", "F", 0), ("1000074.1979", 3, "00:01:02.68", "c", 0), ("1000209.11", 3, "00:01:02.85", "F", 0), ("1000055.1978", 3, "00:01:02.87", "c", 0), ("1000167.11", 3, "00:01:03.01", "F", 0), ("1000086.9", 10, "00:02:17.9", "", 1), ("1000198.11", 10, "00:02:19.53", "c", 0), ("1000193.12", 10, "00:02:25.7", "", 0), ("1000122.1986", 10, "00:02:26.0", "", 0), ("1000134.10", 10, "00:02:27.0", "", 0), ("1000146.9", 10, "00:02:27.8", "c", 0), ("1000186.10", 10, "00:02:28.50", "c", 0), ("1000177.12", 10, "00:02:32.4", "", 0), ("1000237.11", 10, "00:02:32.71", "c", 0), ("1000091.1981", 10, "00:02:33.0", "", 0), ("1000198.12", 8, "00:05:16.75", "F", 0), ("1000237.11", 8, "00:05:24.24", "F", 0), ("1000177.12", 8, "00:05:26.47", "F", 0), ("1000188.11", 8, "00:05:29.80", "F", 0), ("1000133.12", 8, "00:05:31.51", "c", 0), ("1000134.10", 8, "00:05:34.20", "c", 0), ("1000230.11", 8, "00:05:34.23", "F", 0), ("1000197.9", 8, "00:05:37.48", "F", 0), ("1000083.12", 8, "00:05:38.17", "c", 0), ("1000194.10", 8, "00:05:39.60", "F", 0), ("1000134.9", 12, "00:11:16.0", "", 0), ("1000177.12", 12, "00:11:34.23", "c", 0), ("1000188.11", 12, "00:11:40.44", "c", 0), ("1000133.12", 12, "00:11:49.1", "c", 0), ("1000119.1984", 12, "00:11:59.0", "", 0), ("1000083.10", 12, "00:12:09.0", "", 0), ("1000103.1982", 12, "00:12:12.0", "", 0), ("1000218.10", 12, "00:12:12.58", "c", 0), ("1000230.12", 12, "00:12:12.96", "c", 0), ("1000237.11", 12, "00:12:17.77", "c", 0), ("1000086.12", 22, 14.55, "F", 1), ("1000138.1992", 22, 14.9, "", 0), ("1000055.1977", 22, 15.2, "", 0), ("1000141.1993", 22, 15.49, "", 0), ("1000100.1982", 22, 15.9, "", 0), ("1000131.1990", 22, 16.03, "", 0), ("1000066.1979", 22, 16.7, "", 0), ("1000126.1988", 22, 16.9, "", 0), ("1000106.1983", 22, 17.5, "", 0), ("1000096.1982", 22, 17.6, "", 0), ("1000224.12", 18, 14.52, "F", 1), ("1000221.12", 18, 15.59, "F", 0), ("1000141.1993", 18, 15.73, "F", 0), ("1000223.11", 18, 15.88, "F", 0), ("1000239.11", 18, 16.22, "F", 0), ("1000201.11", 18, 16.27, "F", 0), ("1000193.11", 18, 16.36, "F", 0), ("1000173.12", 18, 16.63, "F", 0), ("1000241.11", 18, 16.81, "F", 0), ("1000203.11", 18, 17.08, "F", 0), ("1000086.12", 20, 43.17, "F", 1), ("1000193.12", 20, 44.58, "F", 1), ("1000223.11", 20, 47.3, "F", 0), ("1000239.11", 20, 47.3, "F", 0), ("1000173.12", 20, 48, "F", 0), ("1000221.11", 20, 48, "F", 0), ("1000100.1981", 20, 48.8, "", 0), ("1000201.11", 20, 48.87, "F", 0), ("1000096.1982", 20, 49.2, "", 0), ("1000203.11", 20, 49.47, "c", 0);



CREATE TABLE `RelayResult` (
	`competitorId1` VARCHAR(15) NOT NULL,
	`competitorId2` VARCHAR(15) NOT NULL,
	`competitorId3` VARCHAR(15) NOT NULL,
	`competitorId4` VARCHAR(15) NOT NULL,
	`eventId` TINYINT,
    `trackTypeId` TINYINT DEFAULT 2,
	`time` TIME(2) NOT NULL,
    `raceTimeTypeId` VARCHAR(1) NOT NULL DEFAULT "",
    `stateMark` TINYINT(1) DEFAULT 0,
	
	PRIMARY KEY (`competitorId1`,`competitorId2`,`competitorId3`,`competitorId4`,`eventId`),
	FOREIGN KEY (`competitorId1`) REFERENCES Competitor(`competitorId`),
	FOREIGN KEY (`competitorId2`) REFERENCES Competitor(`competitorId`),
	FOREIGN KEY (`competitorId3`) REFERENCES Competitor(`competitorId`),
	FOREIGN KEY (`competitorId4`) REFERENCES Competitor(`competitorId`),
	FOREIGN KEY (`eventId`) REFERENCES Event(`eventId`),
	FOREIGN KEY (`trackTypeId`) REFERENCES TrackType(`trackTypeId`),
	FOREIGN KEY (`raceTimeTypeId`) REFERENCES RaceTimeType(`raceTimeTypeId`)
) ENGINE=InnoDB DEFAULT CHARSET=UTF8MB4;

INSERT INTO `RelayResult` (`competitorId1`, `competitorId2`, `competitorId3`, `competitorId4`, `eventId`, `time`, `raceTimeTypeId`, `stateMark`) VALUES ("1000101.1983", "1000114.1983", "1000108.1983", "1000112.1983", 28, "00:03:19.33", "c", 1), ("1000026.1973", "1000031.1973", "1000033.1973", "1000030.1973", 28, "00:03:19.7", "", 1), ("1000161.12", "1000164.12", "1000162.12", "1000170.11", 28, "00:03:21.73", "c", 0), ("1000026.1973", "1000027.1973", "1000031.1973", "1000033.1973", 28, "00:03:23.3", "", 0), ("1000114.1980", "1000078.1980", "1000082.1980", "1000081.1980", 28, "00:03:23.32", "", 0), ("1000019.1972", "1000026.1972", "1000030.1972", "1000031.1972", 28, "00:03:23.4", "", 1), ("1000078.1979", "1000081.1979", "1000063.1979", "1000070.1979", 28, "00:03:24.3", "", 1), ("1000105.1982", "1000101.1982", "1000108.1982", "1000107.1982", 28, "00:03:26", "", 0), ("1000007.1965", "1000008.1965", "1000011.1965", "1000006.1965", 28, "00:03:26.2", "", 0), ("1000105.1981", "1000089.1981", "1000114.1981", "1000082.1981", 28, "00:03:27.5", "", 0), ("1000179.10", "1000165.12", "1000168.12", "1000170.12", 28, "00:03:27.72", "c", 0), ("1000201.10", "1000198.10", "1000203.9", "1000193.12", 26, "00:04:04.82", "", 0), ("1000057.1978", "1000074.1978", "1000055.1978", "1000086.9", 26, "00:04:07.50", "c", 0), ("1000100.1982", "1000099.1982", "1000094.1982", "1000095.1982", 26, "00:04:08.59", "c", 0), ("1000195.11", "1000198.9", "1000194.11", "1000193.11", 26, "00:04:11.07", "", 0), ("1000173.12", "1000183.10", "1000174.12", "1000175.12", 26, "00:04:15.82", "", 0), ("1000100.1981", "1000092.1981", "1000094.1981", "1000099.1981", 26, "00:04:16.84", "c", 0), ("1000083.12", "1000080.1980", "1000074.1980", "1000086.11", 26, "00:04:18.33", "c", 0), ("1000094.1979", "1000064.1979", "1000074.1979", "1000086.10", 26, "00:04:18.63", "c", 0), ("1000193.10", "1000185.11", "1000189.11", "1000195.10", 26, "00:04:21.33", "", 0), ("1000201.11", "1000208.9", "1000199.11", "1000198.11", 26, "00:04:22.25", "", 0), ("1000165.11", "1000161.12", "1000162.12", "1000170.11", 25, 42.89, "F", 0), ("1000229.12", "1000231.12", "1000234.12", "1000226.12", 25, 43.33, "F", 0), ("1000041.1977", "1000047.1977", "1000046.1977", "1000060.1977", 25, 43.49, "f", 0), ("1000030.1972", "1000026.1972", "1000031.1972", "1000022.1972", 25, 43.69, "f", 0), ("1000065.1979", "1000072.1979", "1000078.1979", "1000070.1979", 25, 43.89, "f", 0), ("1000032.1973", "1000031.1973", "1000026.1973", "1000030.1973", 25, 43.99, "f", 0), ("1000016.1970", "1000014.1970", "1000015.1970", "1000020.1970", 25, 44.09, "f", 0), ("1000020.1971", "1000017.1971", "1000018.1971", "1000022.1971", 25, 44.09, "f", 0), ("1000108.1982", "1000101.1982", "1000107.1982", "1000098.1982", 25, 44.19, "f", 0), ("1000112.1983", "1000114.1983", "1000108.1983", "1000101.1983", 25, 44.19, "f", 0), ("1000205.12", "1000217.10", "1000213.10", "1000206.12", 25, 44.28, "F", 0), ("1000244.10", "1000232.12", "1000246.10", "1000242.11", 27, 48.98, "c", 0), ("1000094.1981", "1000099.1981", "1000100.1981", "1000086.12", 27, 49.4, "F", 0), ("1000094.1980", "1000074.1980", "1000076.1980", "1000086.11", 27, 49.47, "F", 0), ("1000232.11", "1000242.10", "1000227.11", "1000224.12", 27, 50.41, "c", 0), ("1000094.1982", "1000099.1982", "1000100.1982", "1000097.1982", 27, 50.54, "f", 0), ("1000094.1979", "1000074.1979", "1000076.1979", "1000086.10", 27, 50.74, "f", 0), ("1000138.1990", "1000128.1990", "1000130.1990", "1000132.1990", 27, 50.84, "f", 0), ("1000175.12", "1000173.12", "1000183.10", "1000174.12", 27, 51.77, "c", 0), ("1000138.1989", "1000128.1989", "1000130.1989", "1000132.1989", 27, 51.94, "f", 0), ("1000173.11", "1000175.11", "1000167.12", "1000174.11", 27, 51.86, "c", 0);



CREATE TABLE `Coach` (
	`coachId` TINYINT NOT NULL AUTO_INCREMENT,
	`firstName` VARCHAR(255) NOT NULL,
	`lastName` VARCHAR(255) NOT NULL,
	`genderId` TINYINT DEFAULT 1,
	
	PRIMARY KEY (`coachId`),
	INDEX (`lastName`),
	UNIQUE KEY (`firstName`,`lastName`),
	FOREIGN KEY (`genderId`) REFERENCES Gender(`genderId`)
) ENGINE=InnoDB DEFAULT CHARSET=utf8 AUTO_INCREMENT=1;

INSERT INTO `Coach` (`coachId`,`firstName`,`lastName`,`genderId`) VALUES (1, "Julie", "L'Heureux", 3), (2, "Cal", "Ochoa", 2);



CREATE TABLE `CoachType` (
	`coachTypeId` TINYINT NOT NULL AUTO_INCREMENT,
	`coachType` VARCHAR(255) UNIQUE NOT NULL,

	PRIMARY KEY (`coachTypeId`)
) ENGINE=InnoDB DEFAULT CHARSET=UTF8MB4;

INSERT INTO `CoachType` (`coachTypeId`, `coachType`) VALUES (1, "Head"), (2, "Sprints"), (3, "Distance"), (4, "Hurdles"), (5, "Jumps"), (6, "Throws");


CREATE TABLE `CoachSeason` (
	`coachId` TINYINT NOT NULL,
	`coachTypeId` TINYINT NOT NULL,
	`year` YEAR NOT NULL,
	
	UNIQUE KEY (`coachId`,`year`),
	FOREIGN KEY (`coachId`) REFERENCES Coach(`coachId`),
	FOREIGN KEY (`coachTypeId`) REFERENCES CoachType(`coachTypeId`)
) ENGINE=InnoDB DEFAULT CHARSET=UTF8MB4;

INSERT INTO `CoachSeason` (`coachId`,`coachTypeId`,`year`) VALUES (1, 1, 1992), (1, 1, 1993), (1, 1, 1994), (1, 1, 1995), (1, 1, 1996), (1, 1, 1997), (1, 1, 1998), (1, 1, 1999), (1, 1, 2000), (1, 1, 2001), (1, 1, 2002), (1, 1, 2003), (1, 1, 2004), (1, 1, 2005), (1, 1, 2006), (1, 1, 2007), (1, 1, 2008), (1, 1, 2009), (1, 1, 2010), (1, 1, 2011), (1, 1, 2012), (1, 1, 2013), (1, 1, 2014), (1, 1, 2015), (1, 1, 2016), (1, 1, 2017), (1, 1, 2018), (1, 1, 2019), (2, 3, 2006), (2, 3, 2016);



COMMIT;